{"cameraMode":{"drawMode":0,"name":"Shaded","section":"Shading Mode"},"sceneLighting":false,"audioPlay":false,"sceneViewState":{"m_AlwaysRefresh":false,"showFog":true,"showSkybox":false,"showFlares":true,"showImageEffects":true,"showParticleSystems":true,"showVisualEffectGraphs":true,"m_FxEnabled":true},"in2DMode":false,"pivot":{"x":0.9050000309944153,"y":0.10894712805747986,"z":0.445499986410141},"rotation":{"x":-0.04249855875968933,"y":0.40457984805107119,"z":-0.018831735476851465,"w":-0.9133366346359253},"size":0.7466814517974854,"orthographic":true}