{"cameraMode":{"drawMode":0,"name":"Shaded","section":"Shading Mode"},"sceneLighting":true,"audioPlay":false,"sceneViewState":{"m_AlwaysRefresh":false,"showFog":true,"showSkybox":true,"showFlares":true,"showImageEffects":true,"showParticleSystems":true,"showVisualEffectGraphs":true,"m_FxEnabled":true},"in2DMode":false,"pivot":{"x":1.4047627449035645,"y":0.10894712805747986,"z":3.622164726257324},"rotation":{"x":-0.27280113101005556,"y":0.28239312767982485,"z":-0.08411779999732971,"w":-0.9158474802970886},"size":5.690578460693359,"orthographic":true}